source_type,topic_0,topic_1,topic_2,topic_3,topic_4,topic_5,topic_6
Academic,0.45095737278461456,0.5264193490147591,0.0,0.0,0.02249250002205372,0.0,0.0
Consulting,0.0,0.28733744685138973,0.0037085842341184616,0.38591652629630907,0.04545011264937265,0.0,0.27750250111733166
Industry,0.0,0.3174305558204651,0.0,0.2824821472167969,0.39996689558029175,0.0,0.0
Policy,0.2954299636185169,0.025296082720160484,0.4544918090105057,0.0,0.2246876060962677,0.0,0.0
